product_id,product_name,product_price,product_url,product_image_url,product_unit,product_measuring_unit,product_scraped_at,product_description
ballantines-scotch-whisky-700ml-bottle-id-555940,Ballantine's Scotch Whisky 700mL BottleOpen Product Description,,https://www.cellarbrations.com.au/sm/delivery/rsid/144981/product/ballantines-scotch-whisky-700ml-bottle-id-555940,"[""https://cdn.metcash.media/image/upload/w_1500,h_1500,c_pad,b_auto/alm-online/images/555940.jpg""]",700,ML,2026-10-02T13:29:47Z,
black-douglas-scotch-whisky-700ml-bottle-id-555584,Black Douglas Scotch Whisky 700mL BottleOpen Product Description,,https://www.cellarbrations.com.au/sm/delivery/rsid/144981/product/black-douglas-scotch-whisky-700ml-bottle-id-555584,"[""https://cdn.metcash.media/image/upload/w_1500,h_1500,c_pad,b_auto/alm-online/images/555584.jpg""]",700,ML,2026-10-02T13:29:47Z,
bond-seven-whisky-700ml-bottle-id-557780,Bond Seven Whisky 700mL BottleOpen Product Description,,https://www.cellarbrations.com.au/sm/delivery/rsid/144981/product/bond-seven-whisky-700ml-bottle-id-557780,"[""https://cdn.metcash.media/image/upload/w_1500,h_1500,c_pad,b_auto/alm-online/images/557780.jpg""]",700,ML,2026-10-02T13:29:47Z,
bruichladdich-the-classic-laddie-single-malt-scotch-whisky-700ml-bottle-id-197129,Bruichladdich The Classic Laddie Single Malt Scotch Whisky 700mL BottleOpen Product Description,,https://www.cellarbrations.com.au/sm/delivery/rsid/144981/product/bruichladdich-the-classic-laddie-single-malt-scotch-whisky-700ml-bottle-id-197129,"[""https://cdn.metcash.media/image/upload/w_1500,h_1500,c_pad,b_auto/alm-online/images/197129.jpg""]",700,ML,2026-10-02T13:29:47Z,
bushmills-10-year-old-single-malt-irish-whiskey-700ml-bottle-id-238085,Bushmills 10 Year Old Single Malt Irish Whiskey 700mL BottleOpen Product Description,,https://www.cellarbrations.com.au/sm/delivery/rsid/144981/product/bushmills-10-year-old-single-malt-irish-whiskey-700ml-bottle-id-238085,"[""https://cdn.metcash.media/image/upload/w_1500,h_1500,c_pad,b_auto/alm-online/images/238085.jpg""]",700,ML,2026-10-02T13:29:47Z,
canadian-club-8-year-old-blended-canadian-whisky-700ml-bottle-id-887622,Canadian Club 8 Year Old Blended Canadian Whisky 700mL BottleOpen Product Description,,https://www.cellarbrations.com.au/sm/delivery/rsid/144981/product/canadian-club-8-year-old-blended-canadian-whisky-700ml-bottle-id-887622,"[""https://cdn.metcash.media/image/upload/w_1500,h_1500,c_pad,b_auto/alm-online/images/887622.jpg""]",700,ML,2026-10-02T13:29:47Z,
canadian-club-classic-12-year-old-whisky-700ml-bottle-id-570225,Canadian Club Classic 12 Year Old Whisky 700mL BottleOpen Product Description,,https://www.cellarbrations.com.au/sm/delivery/rsid/144981/product/canadian-club-classic-12-year-old-whisky-700ml-bottle-id-570225,"[""https://cdn.metcash.media/image/upload/w_1500,h_1500,c_pad,b_auto/alm-online/images/570225.jpg""]",700,ML,2026-10-02T13:29:47Z,
canadian-club-original-1l-bottle-id-760472,Canadian Club Original 1L BottleOpen Product Description,,https://www.cellarbrations.com.au/sm/delivery/rsid/144981/product/canadian-club-original-1l-bottle-id-760472,"[""https://cdn.metcash.media/image/upload/w_1500,h_1500,c_pad,b_auto/alm-online/images/760472.jpg""]",1,L,2026-10-02T13:29:47Z,
canadian-club-original-700ml-bottle-id-560929,Canadian Club Original 700mL BottleOpen Product Description,,https://www.cellarbrations.com.au/sm/delivery/rsid/144981/product/canadian-club-original-700ml-bottle-id-560929,"[""https://cdn.metcash.media/image/upload/w_1500,h_1500,c_pad,b_auto/alm-online/images/560929.jpg""]",700,ML,2026-10-02T13:29:47Z,
chivas-regal-12-year-old-blended-scotch-whisky-700ml-bottle-id-557099,Chivas Regal 12 Year Old Blended Scotch Whisky 700mL BottleOpen Product Description,,https://www.cellarbrations.com.au/sm/delivery/rsid/144981/product/chivas-regal-12-year-old-blended-scotch-whisky-700ml-bottle-id-557099,"[""https://cdn.metcash.media/image/upload/w_1500,h_1500,c_pad,b_auto/alm-online/images/557099.jpg""]",700,ML,2026-10-02T13:29:47Z,
chivas-regal-18-year-old-blended-scotch-whisky-700ml-bottle-id-540893,Chivas Regal 18 Year Old Blended Scotch Whisky 700mL BottleOpen Product Description,,https://www.cellarbrations.com.au/sm/delivery/rsid/144981/product/chivas-regal-18-year-old-blended-scotch-whisky-700ml-bottle-id-540893,"[""https://cdn.metcash.media/image/upload/w_1500,h_1500,c_pad,b_auto/alm-online/images/540893.jpg""]",700,ML,2026-10-02T13:29:47Z,
chivas-regal-extra-blended-scotch-whisky-700ml-bottle-id-199927,Chivas Regal Extra Blended Scotch Whisky 700mL BottleOpen Product Description,,https://www.cellarbrations.com.au/sm/delivery/rsid/144981/product/chivas-regal-extra-blended-scotch-whisky-700ml-bottle-id-199927,"[""https://cdn.metcash.media/image/upload/w_1500,h_1500,c_pad,b_auto/alm-online/images/199927.jpg""]",700,ML,2026-10-02T13:29:47Z,
dewars-12-year-old-blended-scotch-whisky-700ml-bottle-id-856388,Dewar's 12 Year Old Blended Scotch Whisky 700mL BottleOpen Product Description,,https://www.cellarbrations.com.au/sm/delivery/rsid/144981/product/dewars-12-year-old-blended-scotch-whisky-700ml-bottle-id-856388,"[""https://cdn.metcash.media/image/upload/w_1500,h_1500,c_pad,b_auto/alm-online/images/856388.jpg""]",700,ML,2026-10-02T13:29:47Z,
dewars-white-label-blended-scotch-whisky-40-700ml-bottle-id-566844,Dewar's White Label Blended Scotch Whisky 40% 700mL BottleOpen Product Description,,https://www.cellarbrations.com.au/sm/delivery/rsid/144981/product/dewars-white-label-blended-scotch-whisky-40-700ml-bottle-id-566844,"[""https://cdn.metcash.media/image/upload/w_1500,h_1500,c_pad,b_auto/alm-online/images/566844.jpg""]",700,ML,2026-10-02T13:29:47Z,
dimple-12-year-old-blended-scotch-whisky-700ml-bottle-id-990124,Dimple 12 Year Old Blended Scotch Whisky 700mL BottleOpen Product Description,,https://www.cellarbrations.com.au/sm/delivery/rsid/144981/product/dimple-12-year-old-blended-scotch-whisky-700ml-bottle-id-990124,"[""https://cdn.metcash.media/image/upload/w_1500,h_1500,c_pad,b_auto/alm-online/images/990124.jpg""]",700,ML,2026-10-02T13:29:47Z,
dimple-15-year-old-scotch-whisky-700ml-bottle-id-587696,Dimple 15 Year Old Scotch Whisky 700mL BottleOpen Product Description,,https://www.cellarbrations.com.au/sm/delivery/rsid/144981/product/dimple-15-year-old-scotch-whisky-700ml-bottle-id-587696,"[""https://cdn.metcash.media/image/upload/w_1500,h_1500,c_pad,b_auto/alm-online/images/587696.jpg""]",700,ML,2026-10-02T13:29:47Z,
glenfiddich-12-year-old-single-malt-scotch-whisky-700ml--id-85775,Glenfiddich 12 Year Old Single Malt Scotch Whisky 700mL Open Product Description,,https://www.cellarbrations.com.au/sm/delivery/rsid/144981/product/glenfiddich-12-year-old-single-malt-scotch-whisky-700ml--id-85775,"[""https://cdn.metcash.media/image/upload/w_1500,h_1500,c_pad,b_auto/alm-online/images/85775.jpg""]",700,ML,2026-10-02T13:29:47Z,
glenfiddich-single-malt-scotch-whisky-grand-cru-23-year-old-700ml-bottle-id-221973,Glenfiddich Single Malt Scotch Whisky Grand Cru 23 Year Old 700mL BottleOpen Product Description,,https://www.cellarbrations.com.au/sm/delivery/rsid/144981/product/glenfiddich-single-malt-scotch-whisky-grand-cru-23-year-old-700ml-bottle-id-221973,"[""https://cdn.metcash.media/image/upload/w_1500,h_1500,c_pad,b_auto/alm-online/images/221973.jpg""]",700,ML,2026-10-02T13:29:47Z,
glenmorangie-original-single-malt-scotch-whisky-700ml-bottle-id-650130,Glenmorangie Original Single Malt Scotch Whisky 700mL BottleOpen Product Description,,https://www.cellarbrations.com.au/sm/delivery/rsid/144981/product/glenmorangie-original-single-malt-scotch-whisky-700ml-bottle-id-650130,"[""https://cdn.metcash.media/image/upload/w_1500,h_1500,c_pad,b_auto/alm-online/images/650130.jpg""]",700,ML,2026-10-02T13:29:47Z,
glenshiel-blended-scotch-whisky-700ml-bottle-id-647250,Glenshiel Blended Scotch Whisky 700mL BottleOpen Product Description,,https://www.cellarbrations.com.au/sm/delivery/rsid/144981/product/glenshiel-blended-scotch-whisky-700ml-bottle-id-647250,"[""https://cdn.metcash.media/image/upload/w_1500,h_1500,c_pad,b_auto/alm-online/images/647250.jpg""]",700,ML,2026-10-02T13:29:47Z,
glenshiel-single-malt-scotch-whisky-700ml-bottle-id-279604,Glenshiel Single Malt Scotch Whisky 700mL BottleOpen Product Description,,https://www.cellarbrations.com.au/sm/delivery/rsid/144981/product/glenshiel-single-malt-scotch-whisky-700ml-bottle-id-279604,"[""https://cdn.metcash.media/image/upload/w_1500,h_1500,c_pad,b_auto/alm-online/images/279604.jpg""]",700,ML,2026-10-02T13:29:47Z,
gospel-straight-rye-whiskey-700ml-bottle-id-846579,Gospel Straight Rye Whiskey 700mL BottleOpen Product Description,,https://www.cellarbrations.com.au/sm/delivery/rsid/144981/product/gospel-straight-rye-whiskey-700ml-bottle-id-846579,"[""https://cdn.metcash.media/image/upload/w_1500,h_1500,c_pad,b_auto/alm-online/images/846579.jpg""]",700,ML,2026-10-02T13:29:47Z,
grants-scotch-whisky-700ml-bottle-id-566886,Grant's Scotch Whisky 700mL BottleOpen Product Description,,https://www.cellarbrations.com.au/sm/delivery/rsid/144981/product/grants-scotch-whisky-700ml-bottle-id-566886,"[""https://cdn.metcash.media/image/upload/w_1500,h_1500,c_pad,b_auto/alm-online/images/566886.jpg""]",700,ML,2026-10-02T13:29:47Z,
hibiki-harmony-japanese-whisky-700ml-bottle-id-674715,Hibiki Harmony Japanese Whisky 700mL BottleOpen Product Description,,https://www.cellarbrations.com.au/sm/delivery/rsid/144981/product/hibiki-harmony-japanese-whisky-700ml-bottle-id-674715,"[""https://cdn.metcash.media/image/upload/w_1500,h_1500,c_pad,b_auto/alm-online/images/674715.jpg""]",700,ML,2026-10-02T13:29:47Z,
jameson-irish-whiskey-1l-bottle-id-590314,Jameson Irish Whiskey 1L BottleOpen Product Description,,https://www.cellarbrations.com.au/sm/delivery/rsid/144981/product/jameson-irish-whiskey-1l-bottle-id-590314,"[""https://cdn.metcash.media/image/upload/w_1500,h_1500,c_pad,b_auto/alm-online/images/590314.jpg""]",1,L,2026-10-02T13:29:47Z,
jameson-irish-whiskey-700ml-bottle-id-558299,Jameson Irish Whiskey 700mL BottleOpen Product Description,,https://www.cellarbrations.com.au/sm/delivery/rsid/144981/product/jameson-irish-whiskey-700ml-bottle-id-558299,"[""https://cdn.metcash.media/image/upload/w_1500,h_1500,c_pad,b_auto/alm-online/images/558299.jpg""]",700,ML,2026-10-02T13:29:47Z,
johnnie-walker-18-year-old-scotch-whisky-700ml-bottle-id-911248,Johnnie Walker 18 Year Old Scotch Whisky 700mL BottleOpen Product Description,,https://www.cellarbrations.com.au/sm/delivery/rsid/144981/product/johnnie-walker-18-year-old-scotch-whisky-700ml-bottle-id-911248,"[""https://cdn.metcash.media/image/upload/w_1500,h_1500,c_pad,b_auto/alm-online/images/911248.jpg""]",700,ML,2026-10-02T13:29:47Z,
johnnie-walker-black-label-scotch-whisky-1l-bottle-id-500005206,Johnnie Walker Black Label Scotch Whisky 1L BottleOpen Product Description,,https://www.cellarbrations.com.au/sm/delivery/rsid/144981/product/johnnie-walker-black-label-scotch-whisky-1l-bottle-id-500005206,"[""https://cdn.metcash.media/image/upload/w_1500,h_1500,c_pad,b_auto/alm-online/images/500005206.jpg""]",1,L,2026-10-02T13:29:47Z,
johnnie-walker-black-label-scotch-whisky-700ml-bottle-id-14452,Johnnie Walker Black Label Scotch Whisky 700mL BottleOpen Product Description,,https://www.cellarbrations.com.au/sm/delivery/rsid/144981/product/johnnie-walker-black-label-scotch-whisky-700ml-bottle-id-14452,"[""https://cdn.metcash.media/image/upload/w_1500,h_1500,c_pad,b_auto/alm-online/images/14452.jpg""]",700,ML,2026-10-02T13:29:47Z,
johnnie-walker-double-black-scotch-whisky-700ml-bottle-id-542950,Johnnie Walker Double Black Scotch Whisky 700mL BottleOpen Product Description,,https://www.cellarbrations.com.au/sm/delivery/rsid/144981/product/johnnie-walker-double-black-scotch-whisky-700ml-bottle-id-542950,"[""https://cdn.metcash.media/image/upload/w_1500,h_1500,c_pad,b_auto/alm-online/images/542950.jpg""]",700,ML,2026-10-02T13:29:47Z,
